Area,MajorAxisLength,MinorAxisLength,Eccentricity,ConvexArea,Extent,Perimeter,Class
87524,442.2460114,253.29115499999997,0.819738392,90546,0.7586505790000001,1184.04,Kecimen
75166,406.690687,243.0324363,0.801805234,78789,0.68412957,1121.786,Kecimen
90856,442.2670483,266.32831769999996,0.798353619,93717,0.6376128120000001,1208.575,Kecimen
45928,286.5405586,208.7600423,0.684989217,47336,0.699599385,844.1619999999999,Kecimen
79408,352.19076989999996,290.8275329,0.56401133,81463,0.7927719259999999,1073.251,Kecimen
49242,318.125407,200.12212,0.7773512770000001,51368,0.658456354,881.836,Kecimen
42492,310.1460715,176.1314494,0.8230986809999999,43904,0.665893562,823.796,Kecimen
60952,332.4554716,235.429835,0.7060575179999999,62329,0.74359819,933.3660000000001,Kecimen
42256,323.18960719999995,172.5759261,0.8454987890000001,44743,0.6980309240000001,849.7280000000001,Kecimen
64380,366.9648423,227.7716147,0.7840556259999999,66125,0.664375716,981.544,Kecimen
80437,449.45458110000004,232.32550640000002,0.856042518,84460,0.674235757,1176.305,Kecimen
43725,301.32221760000004,186.9506295,0.784258452,45021,0.697068248,818.873,Kecimen
43441,276.61082880000004,201.8131355,0.683882337,45133,0.690855598,803.748,Kecimen
76792,338.8575454,291.35920169999997,0.510583813,78842,0.772322237,1042.77,Kecimen
74167,387.7989307,247.85812280000002,0.769089738,76807,0.680181585,1084.729,Kecimen
33565,261.55433109999996,167.7084908,0.767374275,35794,0.68155052,751.413,Kecimen
64670,403.0839752,206.4846437,0.858829168,66419,0.75677257,1028.445,Kecimen
64762,354.29393960000004,235.7524629,0.746473726,66713,0.694998015,981.5089999999999,Kecimen
43295,304.2844667,182.8110368,0.799406959,44714,0.7138381890000001,814.68,Kecimen
70699,418.6985723,216.5960537,0.855799392,72363,0.728075054,1061.3210000000001,Kecimen
69726,354.1769124,252.529208,0.701160962,71849,0.7343985340000001,1035.501,Kecimen
57346,330.4784385,222.4437485,0.739555027,59365,0.723608833,928.2719999999999,Kecimen
82028,397.11497589999993,268.3337727,0.737169367,84427,0.686375085,1106.355,Kecimen
61251,301.5077895,273.6599414,0.41975370700000003,64732,0.643595671,971.7689999999999,Kecimen
96277,447.13452249999995,275.2161542,0.788128405,97865,0.704057157,1181.921,Kecimen
75620,368.22428439999993,263.4592554,0.6986272509999999,77493,0.726277372,1059.1860000000001,Kecimen
73167,340.055218,276.0151772,0.58410581,74545,0.778736856,1010.4739999999999,Kecimen
60847,336.92386960000005,231.46569590000001,0.726660229,62492,0.69858783,964.6030000000001,Kecimen
81021,347.75005830000003,297.6406265,0.517134931,82552,0.757559607,1063.868,Kecimen
59902,358.5919148,222.90202730000001,0.783331958,63250,0.7441242240000001,982.788,Kecimen
88745,429.770355,265.6902361,0.7860094879999999,90715,0.7520635240000001,1162.877,Kecimen
41809,307.5327392,175.085568,0.822113695,43838,0.697444367,828.697,Kecimen
75329,364.2307798,265.86686349999997,0.683510499,77541,0.7230797290000001,1075.792,Kecimen
61600,350.1827545,225.8427713,0.764243075,63397,0.7468296109999999,972.472,Kecimen
46427,253.8420284,235.9068241,0.369212459,48275,0.684219059,844.312,Kecimen
40861,249.74022659999997,213.57327180000004,0.51832833,43096,0.743089401,784.9119999999999,Kecimen
55827,305.29884300000003,234.6612245,0.6396960770000001,57724,0.703287982,926.095,Kecimen
54182,366.0666742,192.013274,0.851391425,56450,0.611417674,968.7289999999999,Kecimen
77468,405.9365937,245.9897977,0.7954792409999999,79220,0.721545397,1100.6760000000002,Kecimen
49882,287.26432719999997,222.1858727,0.633851884,50880,0.766377827,843.7639999999999,Kecimen
95245,397.094114,307.2739224,0.633422315,97988,0.75304396,1201.39,Kecimen
71464,364.10308960000003,253.7969272,0.717025543,73265,0.7154842709999999,1036.94,Kecimen
77055,375.2501319,262.8124219,0.713783938,79255,0.732267077,1095.2830000000001,Kecimen
92384,368.40621380000005,320.7145792,0.492086934,93772,0.749006827,1135.662,Kecimen
77310,436.5298989,228.2803725,0.852367489,80138,0.631720869,1141.1889999999999,Kecimen
57580,330.22837480000004,232.05538719999998,0.7114745790000001,60232,0.645103465,992.1139999999999,Kecimen
69708,375.4472798,239.1327753,0.770923534,71321,0.727177893,1022.568,Kecimen
41502,260.5126753,205.86502380000002,0.612809911,43114,0.824319225,790.427,Kecimen
45800,330.0086832,181.6658648,0.834842987,47802,0.7326827709999999,870.387,Kecimen
52623,311.9967579,218.0411235,0.7152614,54175,0.6751905359999999,902.6239999999999,Kecimen
44939,317.6167119,183.31521469999998,0.816632082,46400,0.656177905,845.7860000000001,Kecimen
114648,508.12893260000004,288.9539812,0.8225707940000001,118314,0.681904966,1340.8970000000002,Kecimen
65727,403.19427169999994,210.0732642,0.853542978,67372,0.616981132,1030.155,Kecimen
45683,333.26253210000004,177.7720961,0.845844473,48787,0.634230657,901.102,Kecimen
111450,478.31097080000006,298.630592,0.781149506,113256,0.690092879,1298.188,Kecimen
47581,306.8118747,203.097502,0.7495382620000001,49203,0.667775392,861.58,Kecimen
57127,311.64457749999997,238.64192059999996,0.643138024,59943,0.6936255459999999,952.023,Kecimen
53006,333.3813698,206.8807081,0.784164747,55456,0.691695375,936.3710000000001,Kecimen
69060,328.4888612,275.8888648,0.542783247,72223,0.727023897,1039.5510000000002,Kecimen
25387,225.62954100000002,144.618672,0.7675773859999999,26139,0.6781440320000001,619.0740000000001,Kecimen
66774,348.5579747,246.4762569,0.7070822529999999,69097,0.6924464909999999,1003.3739999999999,Kecimen
47839,312.60132910000004,198.7512989,0.7718554959999999,50166,0.7027705959999999,868.06,Kecimen
78571,443.82229079999996,228.75761459999998,0.856934002,81718,0.6421927620000001,1157.33,Kecimen
64717,342.5767105,245.7320369,0.696759162,66649,0.66254095,997.9889999999999,Kecimen
60462,373.3428463,208.10862619999997,0.830230914,62213,0.6656831120000001,990.547,Kecimen
59370,345.9492049,221.92195669999998,0.7671338109999999,61464,0.697485902,981.5169999999999,Kecimen
54056,332.2676409,208.6190158,0.7783227620000001,55539,0.6745532590000001,912.153,Kecimen
89235,443.5159353,258.9467393,0.811861615,91201,0.655190643,1179.694,Kecimen
51727,321.1271422,208.76675749999998,0.759843328,52913,0.751889645,903.308,Kecimen
71595,387.30969510000006,236.7511846,0.791421357,74045,0.718536732,1069.77,Kecimen
95347,451.52615419999995,280.2261534,0.784111496,99256,0.674956111,1255.245,Kecimen
60449,383.8002498,208.1687832,0.840127895,64346,0.67634488,1054.198,Kecimen
69006,379.31784619999996,241.8502909,0.77037364,72895,0.697453002,1086.857,Kecimen
68520,373.235638,237.04152319999997,0.7724308740000001,70759,0.7128589259999999,1049.093,Kecimen
52731,309.97728639999997,219.72535249999999,0.70536589,54438,0.695879962,894.48,Kecimen
50570,311.34479510000006,208.3178983,0.74318078,51743,0.720863268,873.7769999999999,Kecimen
75825,391.20430130000005,248.5002712,0.772332349,77437,0.7453700059999999,1081.339,Kecimen
42637,293.4295802,189.43215759999998,0.763692969,44052,0.7251190479999999,814.182,Kecimen
76984,425.04818560000007,233.9734424,0.8348593390000001,78641,0.758754595,1091.754,Kecimen
47851,323.15251889999996,191.6109615,0.8052445770000001,49187,0.773237024,860.4019999999999,Kecimen
51220,328.6476055,202.5088754,0.787598712,52903,0.692470967,896.7280000000001,Kecimen
53890,331.0863197,216.5794558,0.7563665690000001,57109,0.7044444440000001,957.132,Kecimen
58650,346.3389582,219.68436490000002,0.7730832959999999,62380,0.660287081,991.612,Kecimen
98935,387.51693769999997,326.89872349999996,0.5370149329999999,100747,0.740420596,1176.6,Kecimen
77587,396.8075663,251.94491980000004,0.7725698940000001,79970,0.7038646470000001,1100.836,Kecimen
180898,843.9566534,323.1905688,0.923770364,221396,0.45418892899999996,2253.5570000000002,Kecimen
71266,390.707154,235.68680330000004,0.7975662609999999,73002,0.66062887,1034.183,Kecimen
39457,267.5569406,188.7651659,0.708695988,40472,0.6975761540000001,755.822,Kecimen
35237,267.5537786,173.5251032,0.7611621829999999,37418,0.7068322229999999,750.909,Kecimen
49059,301.80039819999996,210.46721519999997,0.7167091320000001,50835,0.6986073140000001,867.582,Kecimen
53896,319.0720226,217.69570130000002,0.731093185,55392,0.7459447490000001,889.6260000000001,Kecimen
56469,325.341425,225.1150238,0.7219600820000001,58697,0.685736144,933.8960000000001,Kecimen
85156,422.2791325,260.2106227,0.7875856,87057,0.7025608870000001,1140.684,Kecimen
67044,361.2553722,238.2264457,0.7517567059999999,68626,0.7569435040000001,989.0160000000001,Kecimen
52243,331.45114689999997,206.75959880000002,0.781583108,55774,0.714434188,934.547,Kecimen
38968,269.4020207,185.72756819999998,0.724374455,40147,0.737583283,769.242,Kecimen
79661,360.0734473,282.73903160000003,0.6192092810000001,81032,0.779156886,1045.6580000000001,Kecimen
59282,329.24256549999996,233.7746492,0.704163616,60580,0.725925745,920.573,Kecimen
48177,305.784503,202.4661938,0.74939737,49877,0.6776425909999999,860.548,Kecimen
74904,342.8963104,280.1155681,0.57676457,75898,0.731741628,1012.365,Kecimen
81581,424.27831460000004,245.50747379999999,0.81557794,83143,0.762382252,1114.736,Kecimen
57820,376.1911744,199.79710769999997,0.847305856,59968,0.714780201,978.85,Kecimen
57808,309.9716571000001,241.3665105,0.627430162,58954,0.710346522,911.857,Kecimen
55306,353.1546092,204.126836,0.8160298009999999,57396,0.7439902070000001,973.2589999999999,Kecimen
59459,347.1551548,222.10947799999997,0.768542385,61585,0.7096192859999999,966.329,Kecimen
44247,319.79030819999997,178.6479431,0.829409642,45872,0.6776372209999999,842.1210000000001,Kecimen
48945,269.3704112,239.1621656,0.460121209,51456,0.711244478,872.289,Kecimen
68864,343.67620939999995,261.9884386,0.64720992,71726,0.698347024,1035.022,Kecimen
82826,396.7059122,269.7628551,0.7332054840000001,84981,0.745434745,1115.8110000000001,Kecimen
65396,331.53844460000005,253.2429662,0.645403364,66783,0.7648297159999999,975.425,Kecimen
81572,393.71617599999996,265.8146124,0.737687128,84964,0.6982708440000001,1187.338,Kecimen
44367,322.5040186,176.7089727,0.836525515,46531,0.732999603,883.9730000000001,Kecimen
51448,328.28956800000003,202.1603698,0.787903331,52772,0.704805743,877.799,Kecimen
50545,286.8713324,227.15971729999998,0.610712677,51771,0.835454545,847.664,Kecimen
94063,448.1210966,276.607844,0.786758156,99085,0.70929382,1259.451,Kecimen
84129,413.0345598,261.64308650000004,0.773771049,86242,0.7138347970000001,1144.973,Kecimen
79735,410.9979193,250.22078739999998,0.793313932,83306,0.749044143,1154.54,Kecimen
90176,390.20734100000004,294.76223849999997,0.65526509,91793,0.762549046,1136.6689999999999,Kecimen
61492,356.4260216,224.16310499999997,0.777470812,65298,0.690843725,1013.202,Kecimen
79532,367.5260058,277.2241619,0.656532102,81603,0.735114151,1075.271,Kecimen
69302,354.96366689999996,254.45277090000002,0.697235919,71843,0.7011533790000001,1051.02,Kecimen
52266,320.44256139999993,213.85749959999998,0.7447158340000001,54116,0.684289081,923.19,Kecimen
51180,288.6310651,226.6304906,0.619253764,52396,0.737442725,855.997,Kecimen
55787,333.70345289999995,226.95120789999999,0.733120775,59520,0.688592377,977.425,Kecimen
96064,411.2070534,303.2324524,0.6754340940000001,99609,0.7313311259999999,1223.904,Kecimen
54316,351.8052608,198.4175196,0.825776045,55960,0.655895281,930.627,Kecimen
70941,326.0111541,278.1026598,0.521834977,72330,0.76010929,993.05,Kecimen
55770,293.5806697,243.4806344,0.558731929,57633,0.740165631,900.1089999999999,Kecimen
47478,299.8185828,205.2960945,0.72879271,48900,0.720914695,861.179,Kecimen
88197,473.28669010000004,238.7384529,0.863454506,90297,0.658456829,1193.28,Kecimen
74728,355.31054900000004,270.74089730000003,0.647596035,76287,0.7666769259999999,1048.675,Kecimen
70788,362.65077030000003,249.4037249,0.725972018,71954,0.7461579,1003.7689999999999,Kecimen
48894,318.09891150000004,197.49550280000003,0.7839199379999999,50468,0.663815575,875.174,Kecimen
52051,313.7032602,213.6317375,0.732283957,53550,0.695051277,893.451,Kecimen
53270,336.1488879,204.3070754,0.794099752,55288,0.693692051,922.0110000000001,Kecimen
57227,354.43108,207.5949862,0.810518333,59307,0.6499818270000001,953.4960000000001,Kecimen
97026,455.9715909,273.0538098,0.800869044,99561,0.6712047320000001,1212.667,Kecimen
58495,368.73954249999997,205.75787119999998,0.8298387490000001,61496,0.630103195,998.437,Kecimen
53758,359.5316125,193.4008772,0.842992995,57197,0.710295439,965.068,Kecimen
110616,461.14455319999996,306.899065,0.74638361,112150,0.7523976659999999,1252.875,Kecimen
49175,281.4314214,224.4858963,0.603110639,50672,0.727613045,845.128,Kecimen
53698,348.2232313,197.75289730000003,0.823103652,56089,0.7313412509999999,938.705,Kecimen
73125,408.940773,231.2190014,0.824810334,75540,0.656512605,1096.751,Kecimen
50445,308.35891210000005,208.85524519999998,0.735695738,51555,0.723225806,851.632,Kecimen
46742,303.5552029,199.4459327,0.753861393,48077,0.70526284,847.7919999999999,Kecimen
69317,393.3989966,228.722883,0.8136165879999999,72170,0.661674303,1066.388,Kecimen
75314,392.6515582,246.0756721,0.7792586909999999,77118,0.704712179,1073.768,Kecimen
54428,339.1147492,206.6458262,0.7928871940000001,56175,0.723391813,922.878,Kecimen
39509,286.2315627,180.43736030000002,0.7762790270000001,41446,0.722972478,790.5310000000001,Kecimen
66568,342.2503611,249.5505,0.684358117,68078,0.7599173509999999,993.455,Kecimen
45264,290.5883604,203.3191422,0.714455428,48142,0.656913967,879.832,Kecimen
57980,336.312888,222.60976580000002,0.74958095,59311,0.777295152,925.795,Kecimen
75114,368.730119,262.4744722,0.702348195,77454,0.740915368,1051.266,Kecimen
78991,362.6408695,279.0908401,0.638518237,80355,0.708897225,1071.385,Kecimen
76253,364.22556960000003,269.5167915,0.672637467,78443,0.7242876140000001,1070.053,Kecimen
83229,423.844374,253.809071,0.800879085,86345,0.653494033,1153.434,Kecimen
45962,251.1333844,235.36807569999996,0.348729642,47173,0.742280362,810.195,Kecimen
57766,344.737416,215.10978450000002,0.78143908,59834,0.7375826759999999,950.721,Kecimen
39669,252.748198,202.26435969999997,0.599652719,41860,0.663039663,791.4639999999999,Kecimen
41050,316.841636,167.32833440000002,0.849173815,42965,0.6411858420000001,846.8330000000001,Kecimen
47771,311.52498710000003,197.090849,0.774425873,49237,0.6834093929999999,857.7760000000001,Kecimen
53389,301.845898,228.51669950000002,0.653340582,55158,0.715746997,906.666,Kecimen
73319,392.36266560000007,239.18848530000002,0.792700937,75653,0.7095684659999999,1075.279,Kecimen
91831,463.35787180000005,257.9511277,0.8307139040000001,95560,0.710370382,1252.762,Kecimen
71452,397.96142660000004,239.7987804,0.798067621,73864,0.7518334959999999,1101.502,Kecimen
59970,353.00162489999997,219.6829418,0.782756248,61834,0.7558227470000001,978.6310000000001,Kecimen
51683,325.2398678,208.9148245,0.7664191709999999,54510,0.728442565,928.217,Kecimen
41283,268.1253606,199.6354013,0.667555617,42505,0.7323836220000001,798.515,Kecimen
92735,436.985567,271.5787847,0.7834282229999999,94693,0.7041221540000001,1183.447,Kecimen
44627,297.2593228,194.7602777,0.755467225,46921,0.67518458,848.487,Kecimen
84260,411.3973639,262.9740989,0.7690225559999999,85978,0.6867827329999999,1157.001,Kecimen
59076,350.4871954,216.6793239,0.786002573,61643,0.645498252,988.273,Kecimen
58741,345.4854484,222.3818455,0.765295307,60701,0.714819412,948.2330000000001,Kecimen
68627,411.8885236,216.89399989999998,0.850122963,70932,0.738242255,1097.292,Kecimen
51941,349.22616949999997,191.8173343,0.835648938,53893,0.7089953590000001,912.2589999999999,Kecimen
77161,394.2783917,253.21136,0.766524847,82746,0.671900035,1127.4089999999999,Kecimen
85105,382.2899916,288.75840719999997,0.655334662,88056,0.776944987,1139.4460000000001,Kecimen
52508,297.69690089999995,226.2519485,0.649914023,53588,0.7561635940000001,862.778,Kecimen
39941,251.8477358,208.46814780000003,0.561090145,41594,0.70757157,777.663,Kecimen
48693,306.5739068,204.28062119999998,0.7456533940000001,50298,0.7401276790000001,848.422,Kecimen
87858,441.224088,255.6622254,0.815015963,90905,0.7087265859999999,1176.287,Kecimen
67718,373.9240984,233.2332051,0.781628075,71102,0.7369944709999999,1024.993,Kecimen
63968,333.01242129999997,247.8885463,0.66775371,65403,0.756999834,953.445,Kecimen
43461,333.70591980000006,169.3095334,0.8617333209999999,45669,0.6779341109999999,867.446,Kecimen
81546,381.3486543,273.81009910000006,0.696038327,82807,0.711719732,1057.448,Kecimen
43563,296.52216089999996,188.1957136,0.772777753,45174,0.696283865,817.41,Kecimen
36145,280.7576527,166.5935504,0.804928834,37401,0.8122654440000001,747.1610000000001,Kecimen
57741,316.4840294,234.28362909999998,0.672309707,58976,0.712711069,906.829,Kecimen
69024,372.8219867,237.6598183,0.770481865,70649,0.721042955,1015.7710000000001,Kecimen
78982,421.1618485,241.64041290000003,0.819032478,81442,0.753436549,1102.423,Kecimen
78240,401.9300875,249.83137090000002,0.783351347,79677,0.7579926370000001,1059.644,Kecimen
87036,384.96990310000007,289.4539006,0.659291894,88336,0.7278961629999999,1094.59,Kecimen
37569,232.4278475,208.1520065,0.44495009,38874,0.7943713790000001,734.102,Kecimen
79748,441.93429249999997,231.7175312,0.851517765,81718,0.738448432,1120.963,Kecimen
44156,307.70698219999997,186.0924236,0.796399015,45285,0.633605969,820.7139999999999,Kecimen
87302,392.9101168,284.17906769999996,0.690568105,89605,0.73824584,1122.16,Kecimen
69312,373.8031053,237.19457659999998,0.77288661,70719,0.706155633,1001.2360000000001,Kecimen
86545,350.1278744,315.7195205,0.432307345,87512,0.7858868179999999,1070.062,Kecimen
59729,337.0434753,231.80923509999997,0.725926293,62511,0.6837110809999999,966.438,Kecimen
59822,336.5840696,227.94953909999998,0.735758503,60648,0.700286801,916.044,Kecimen
63452,334.8459883,243.2364806,0.6872584270000001,64925,0.735317295,945.523,Kecimen
61996,333.7476396,243.54024500000003,0.683752754,63641,0.673137894,958.627,Kecimen
74763,391.227169,245.54202030000002,0.7785197859999999,77508,0.6861130990000001,1063.377,Kecimen
73193,401.072302,235.8289934,0.808863683,75563,0.7401156790000001,1050.9089999999999,Kecimen
66508,344.9045201,249.0897821,0.6916850859999999,69240,0.703014672,1001.7139999999999,Kecimen
74849,379.9250258,252.61711780000002,0.7469207459999999,76154,0.735392657,1040.788,Kecimen
38585,274.44507830000003,180.9575592,0.751829118,39926,0.696593309,762.439,Kecimen
61377,339.7334965,234.0242375,0.724907214,64027,0.7056125259999999,975.553,Kecimen
39547,259.4226253,198.4655312,0.643997206,40765,0.7333840220000001,763.9789999999999,Kecimen
49998,301.78070710000003,212.32694300000003,0.710615819,50857,0.779294866,834.328,Kecimen
49063,294.7482868,217.913109,0.6733549679999999,50732,0.658811365,869.795,Kecimen
46961,343.7885277,177.1367946,0.857040355,48476,0.61463255,891.528,Kecimen
57271,372.6991236,196.9761351,0.8489255370000001,58786,0.7691512220000001,949.936,Kecimen
58909,347.34394110000005,218.12279049999998,0.778234722,60379,0.7042571759999999,944.8789999999999,Kecimen
51336,321.8844382,206.14614730000002,0.768012151,53944,0.742600897,898.546,Kecimen
62422,324.5569613,247.707867,0.6461405179999999,64021,0.7160621290000001,947.541,Kecimen
48447,331.0510122,189.9172045,0.819079815,49996,0.6256149999999999,883.044,Kecimen
64364,376.6624701,221.6551009,0.808518015,67510,0.654744466,1057.897,Kecimen
72915,414.7180727,229.55576980000004,0.8328342459999999,76912,0.679771405,1131.096,Kecimen
49414,290.458237,219.41824350000002,0.65523977,51029,0.7110337290000001,869.188,Kecimen
45723,291.19728639999994,203.02022069999998,0.716885111,48658,0.648829289,875.7639999999999,Kecimen
64988,371.3536275,226.90993410000002,0.79160385,67847,0.67011755,1048.1860000000001,Kecimen
56709,293.408498,247.71659580000002,0.535914821,58143,0.778285573,904.508,Kecimen
93559,438.63435350000003,275.5829735,0.777991385,95750,0.687069934,1198.259,Kecimen
81916,398.326553,265.4181085,0.74565434,85615,0.6630726889999999,1113.144,Kecimen
79274,406.9762258,255.21782709999997,0.778932753,81976,0.708385459,1110.378,Kecimen
88724,446.4304557,260.3787541,0.812295614,92630,0.656529107,1216.535,Kecimen
65469,374.4662312,227.5389974,0.794215984,68018,0.7144384909999999,1020.029,Kecimen
75799,340.9827093,289.15047000000004,0.530009681,79230,0.741100324,1065.191,Kecimen
76741,383.9821631,258.1339883,0.7403195309999999,79198,0.7452029520000001,1056.74,Kecimen
54219,344.29083189999994,204.49668909999997,0.8044909140000001,56526,0.688495238,931.43,Kecimen
52693,283.50423870000003,242.1139544,0.520265279,54860,0.737749216,895.745,Kecimen
84539,441.5288902,248.3743168,0.826775225,87728,0.6875772659999999,1169.983,Kecimen
34559,264.51516749999996,168.9830565,0.769339036,36516,0.664187423,750.365,Kecimen
49715,302.34739060000004,213.36451110000002,0.708517498,52250,0.650107229,877.43,Kecimen
39716,243.03828019999997,210.1140569,0.502579995,40598,0.779432833,737.4680000000001,Kecimen
46845,264.9672544,225.84249900000003,0.52298617,47739,0.7590906140000001,799.9910000000001,Kecimen
52547,358.36571910000004,189.2067438,0.8492623359999999,54649,0.7034027629999999,929.471,Kecimen
41593,310.6748925,178.3232873,0.8188645509999999,44753,0.5726696960000001,870.063,Kecimen
44460,294.624132,197.5565774,0.7418754890000001,47486,0.6474254429999999,849.225,Kecimen
51145,317.3482375,211.02559169999998,0.7468741809999999,53531,0.710051367,895.04,Kecimen
43345,323.8592139,175.1857446,0.8410664640000001,46785,0.649275753,877.02,Kecimen
53987,331.35065860000003,213.16744559999998,0.765589944,56076,0.673221768,931.117,Kecimen
59514,368.63790930000005,209.1269246,0.823513752,61469,0.755157975,968.36,Kecimen
85739,380.3703785,288.25615889999995,0.652451831,87052,0.762151543,1094.576,Kecimen
56096,313.3863101,232.2824399,0.6712824759999999,58701,0.711769781,929.115,Kecimen
46120,300.09715839999996,201.2063136,0.7419361240000001,49996,0.628971988,907.025,Kecimen
57676,333.9700499,222.2744566,0.7463514240000001,58991,0.688668657,926.255,Kecimen
62064,352.3686704,227.86414440000001,0.762774955,64811,0.650566038,1004.245,Kecimen
50274,305.39725580000004,212.2734472,0.718938975,52016,0.6875076920000001,868.951,Kecimen
77225,362.1373458,277.00984280000006,0.644113015,80872,0.7324834720000001,1110.44,Kecimen
45598,259.8962651,225.65621980000003,0.49611826700000006,47266,0.741286253,813.2760000000001,Kecimen
38545,283.987539,175.42051469999998,0.7864099240000001,39765,0.760436395,770.59,Kecimen
39439,246.76361150000002,212.63539300000002,0.507423663,42795,0.646827284,793.005,Kecimen
74109,416.7127171,230.55954049999997,0.8329941820000001,78032,0.706459362,1095.055,Kecimen
41755,296.78837610000005,184.19137719999998,0.7841152809999999,43362,0.691330839,804.559,Kecimen
61463,369.3997455,213.6196205,0.81583235,63117,0.786776754,966.493,Kecimen
43743,300.906335,185.85123180000002,0.786462407,44836,0.670082721,802.2610000000001,Kecimen
73499,346.0510823999999,275.5139073,0.605079015,76355,0.73124602,1050.012,Kecimen
40403,289.2593164,179.22338340000002,0.784922337,41209,0.722204347,761.949,Kecimen
62343,348.2887882,232.8200404,0.743740567,63897,0.705620699,979.447,Kecimen
46008,296.8792842,212.02771940000002,0.699953594,48762,0.69527897,860.58,Kecimen
43495,271.6466724,205.1640687,0.655424446,44535,0.754021912,785.8430000000001,Kecimen
50649,327.1109948,199.5409197,0.792393852,52462,0.766294481,875.2669999999999,Kecimen
61235,349.02641289999997,226.8031,0.7600911779999999,63504,0.718720657,974.079,Kecimen
78883,395.1000971,256.9649659,0.759609525,80973,0.6784467190000001,1092.7089999999998,Kecimen
58734,367.4839462,205.0210803,0.829904913,59845,0.7574768829999999,945.191,Kecimen
68253,388.4547229,224.7316909,0.8156629679999999,70347,0.746130132,1042.257,Kecimen
62401,394.3975005,203.1386868,0.8571536540000001,64722,0.7400849190000001,1004.3489999999999,Kecimen
73046,397.33816360000003,234.8282406,0.8066690009999999,74242,0.690650883,1037.399,Kecimen
54968,300.9544323,234.38957000000002,0.627246499,56851,0.75133953,893.6439999999999,Kecimen
84057,452.7756953,245.2199818,0.8406410759999999,86710,0.622017819,1179.024,Kecimen
90178,466.249387,250.1043018,0.843952802,92321,0.752003469,1180.478,Kecimen
67883,383.18901769999997,233.3566734,0.793181118,70360,0.697810444,1030.869,Kecimen
43901,304.1003495,191.29827350000002,0.7773543340000001,46443,0.648741706,884.495,Kecimen
33662,227.29379169999999,191.1090383,0.54134302,34787,0.792998657,699.415,Kecimen
77043,388.69272739999997,257.5462902,0.748976897,80094,0.72693048,1112.212,Kecimen
64875,393.214664,212.95482379999999,0.840653105,67701,0.77052354,1014.789,Kecimen
42609,280.1490165,200.2718741,0.6992510059999999,44944,0.673127962,840.1669999999999,Kecimen
79510,380.7191934,267.0341186,0.7127738790000001,81779,0.73159735,1075.307,Kecimen
58857,320.81190810000004,235.38604530000003,0.679452185,60597,0.690364202,927.048,Kecimen
67754,349.1971378,251.6796378,0.693207597,69536,0.6552611220000001,1032.358,Kecimen
54842,308.2324435,227.2577315,0.67557273,55879,0.73819523,887.1089999999999,Kecimen
78352,408.8096881,245.4408089,0.799715505,80474,0.684273038,1099.512,Kecimen
72447,401.74204019999996,231.53723689999998,0.817214876,74481,0.709103722,1055.302,Kecimen
58239,324.2950626,230.99725809999998,0.70186924,59977,0.721190282,940.22,Kecimen
93879,409.486907,292.91609889999995,0.698792225,96072,0.767668921,1174.1660000000002,Kecimen
68129,381.1754896,230.05602050000002,0.79733001,70141,0.65970447,1050.867,Kecimen
74426,411.6968203,231.74959840000002,0.8265159790000001,76449,0.679453706,1071.612,Kecimen
60650,324.3616267,242.2285019,0.665065172,62580,0.7215427809999999,941.4860000000001,Kecimen
136340,722.8539172000001,311.34135510000004,0.9024897620000001,176818,0.5297740479999999,2098.263,Kecimen
65051,381.2139503,218.2168451,0.81995626,66476,0.644356396,1002.035,Kecimen
72219,376.6504925,249.52945440000002,0.749065428,74373,0.777794531,1050.221,Kecimen
81405,421.0948928,248.08676540000002,0.8080259209999999,83634,0.7137283440000001,1148.651,Kecimen
70196,373.19764710000004,243.88110530000003,0.756934744,71937,0.6907899270000001,1024.256,Kecimen
69120,352.011403,250.81485350000003,0.701652699,70274,0.703439853,978.434,Kecimen
56327,297.7657247,241.93442569999996,0.582962247,58178,0.727739018,915.4960000000001,Kecimen
54983,292.8989067,248.4080201,0.5298336920000001,58095,0.7252737109999999,921.613,Kecimen
105020,440.3896311000001,306.10528860000005,0.718934015,107423,0.7146162220000001,1228.366,Kecimen
36113,257.64185269999996,181.15707880000002,0.71105609,37442,0.6944807690000001,737.637,Kecimen
87429,408.9260276,273.8879417,0.742565182,89063,0.703574648,1120.019,Kecimen
57785,314.4309771,236.18303500000002,0.660138051,58867,0.7328657670000001,903.7689999999999,Kecimen
69846,368.45070960000004,243.97516209999998,0.749358072,72585,0.676723637,1040.7160000000001,Kecimen
81456,404.3163937,258.89200619999997,0.768107985,83499,0.725472034,1103.153,Kecimen
61959,339.5850181,234.69793629999998,0.722728935,64424,0.712041464,970.7539999999999,Kecimen
61730,376.1885565,210.6115221,0.82858974,63756,0.632188028,989.4989999999999,Kecimen
62835,421.16933839999996,191.1698622,0.891051301,64406,0.786145031,1018.553,Kecimen
52651,340.8169568,204.432884,0.800126045,56217,0.6835040440000001,915.939,Kecimen
67093,353.1098719,243.0010336,0.725545687,68383,0.76069161,972.971,Kecimen
45160,270.55537660000005,220.11867230000001,0.5814518089999999,46805,0.686071949,833.117,Kecimen
58989,362.6681085,209.50971840000003,0.81625629,60916,0.732782609,950.717,Kecimen
44007,359.37550269999997,161.7023657,0.893051844,48490,0.644743975,901.17,Kecimen
65062,344.309794,242.6836332,0.7093654009999999,65825,0.769218037,948.8889999999999,Kecimen
38724,291.0010917,170.77626669999998,0.809690001,40133,0.780883243,769.691,Kecimen
63514,368.78630649999997,221.2409483,0.800062704,65057,0.663844642,977.085,Kecimen
46403,306.30414310000003,196.6171927,0.766786821,48631,0.637631572,843.96,Kecimen
55746,280.3131243,254.6003304,0.41838197200000005,56989,0.730654294,875.659,Kecimen
38153,265.0402262,184.8022541,0.716817189,39564,0.682497943,754.0219999999999,Kecimen
66094,323.18771630000003,261.0119111,0.589707296,67032,0.738719809,944.7130000000001,Kecimen
57303,330.0249642,221.9197863,0.740157695,58973,0.716762355,919.044,Kecimen
61289,376.3751871,208.72780980000002,0.8321345590000001,63997,0.63947956,998.47,Kecimen
55114,317.1723252,222.7534529,0.711870752,56849,0.7142542409999999,909.6039999999999,Kecimen
45567,278.5021961,216.7666389,0.627855296,49075,0.714070801,854.7239999999999,Kecimen
72215,380.4147762,244.0280812,0.767140615,74175,0.720924428,1048.486,Kecimen
65495,365.3190043,230.52555230000002,0.775762211,67299,0.6979433079999999,989.581,Kecimen
34977,267.7377387,170.83724619999998,0.7699727040000001,37747,0.669480333,754.3660000000001,Kecimen
76407,373.44242610000003,264.474304,0.706005483,79086,0.731251436,1074.702,Kecimen
66998,338.5866405,257.3438202,0.649860993,69844,0.757604541,1006.22,Kecimen
57310,351.396481,209.88122819999995,0.80203462,59225,0.6998327040000001,940.413,Kecimen
79106,404.5731673,252.06636380000003,0.782187815,81999,0.72851683,1100.85,Kecimen
56837,368.3727265,198.77465569999998,0.841920242,59040,0.634965144,973.5989999999999,Kecimen
53497,352.5027525,194.98113659999999,0.8330925259999999,54875,0.691175711,921.762,Kecimen
58591,356.4633214,212.119231,0.8036767770000001,60664,0.7844137409999999,970.932,Kecimen
60313,339.6034558,227.7259242,0.741851492,62130,0.726680161,946.487,Kecimen
72483,334.41760919999996,282.6808891,0.534302927,74945,0.706179792,1052.1589999999999,Kecimen
52836,340.40478219999994,204.3355331,0.799795765,55143,0.8173886140000001,928.2739999999999,Kecimen
68119,385.3917044,230.71520759999999,0.801009823,70719,0.6593011999999999,1026.6860000000001,Kecimen
83490,421.8829433,254.3101831,0.797893855,86319,0.70994898,1168.247,Kecimen
74612,430.86518939999996,229.2867182,0.846647455,79297,0.665346888,1140.399,Kecimen
44081,328.5871474,173.3469657,0.849522441,46287,0.638466441,867.003,Kecimen
39724,271.66569219999997,189.484632,0.7165926229999999,41587,0.724282537,781.97,Kecimen
89051,418.55564019999997,274.92319960000003,0.7540318290000001,92636,0.738675293,1196.03,Kecimen
57612,352.44136480000003,210.06420980000001,0.80296515,58810,0.647718841,934.684,Kecimen
65740,348.8811561,245.97617549999998,0.709164675,69233,0.740815867,1036.517,Kecimen
69997,362.7413898,247.09132259999998,0.7321181790000001,71994,0.722542219,1010.809,Kecimen
75540,422.09848960000005,237.63867740000003,0.82646137,78465,0.705085125,1114.88,Kecimen
46397,310.72436880000004,192.9038367,0.783953309,48183,0.655278582,850.7819999999999,Kecimen
61967,364.7840178,218.56617290000003,0.800624837,63724,0.687300355,981.059,Kecimen
87149,444.6108356000001,253.2065911,0.82199021,91704,0.716220548,1189.483,Kecimen
67798,418.4081341,207.825511,0.867919298,69356,0.691026582,1073.138,Kecimen
49604,310.6056284,204.6545873,0.7522403040000001,51007,0.760809215,855.3919999999999,Kecimen
88407,412.7569409,275.2848499,0.74510983,90865,0.7179622529999999,1141.296,Kecimen
46601,277.35328010000006,216.27205049999998,0.626064816,48457,0.761653373,820.1060000000001,Kecimen
53121,350.9683575,195.8674449,0.82978902,56120,0.732663025,930.6189999999999,Kecimen
80101,377.616572,272.67134489999995,0.691804118,82949,0.725486822,1084.306,Kecimen
69781,364.7445188,248.79618969999999,0.731248797,71504,0.6939378270000001,1024.2069999999999,Kecimen
58460,290.7535562,258.3843539,0.458544698,60254,0.774756149,908.357,Kecimen
61792,400.50282830000003,197.7035112,0.8696673429999999,64962,0.7011619459999999,1026.109,Kecimen
78084,395.20976160000004,254.37658340000002,0.765320366,80285,0.703003457,1097.299,Kecimen
63402,372.4843101,224.0094059,0.798953455,66639,0.676634437,1008.2760000000001,Kecimen
48809,332.26489289999995,190.3513649,0.81963199,51847,0.66134168,928.0160000000001,Kecimen
49039,285.4020871,220.81990130000003,0.633533709,50879,0.714770872,841.666,Kecimen
64669,364.5828035,228.8007673,0.778561165,67524,0.655845605,995.692,Kecimen
103377,460.6704313,287.9931727,0.780495845,105569,0.726967785,1230.233,Kecimen
73972,359.2726917,263.3333902,0.680269105,75353,0.754739312,1017.7489999999999,Kecimen
47602,296.4930361,206.2251984,0.718479434,49089,0.721187789,840.545,Kecimen
69151,341.64605760000006,258.3928669,0.654204824,70703,0.75184561,989.9169999999999,Kecimen
56518,319.19192789999994,230.70999640000002,0.691063598,58879,0.718647085,916.3960000000001,Kecimen
86314,390.4129792,282.21482030000004,0.690992119,87873,0.7336631309999999,1106.0330000000001,Kecimen
56477,334.588138,219.18561980000004,0.7555501370000001,58408,0.685666764,941.429,Kecimen
32097,264.4163841,157.9904179,0.801864322,33699,0.681117902,713.775,Kecimen
71284,356.2592463,256.4883397,0.6940274040000001,72618,0.7429750690000001,1011.054,Kecimen
87937,365.83699210000003,307.9116981,0.54000213,89581,0.7110099529999999,1099.568,Kecimen
100835,419.7533709,306.95489810000004,0.6820833820000001,102881,0.752578628,1202.369,Kecimen
66752,370.5036219,231.55119930000004,0.78065406,69039,0.742390035,1006.028,Kecimen
65999,326.2987214,264.4148773,0.585951613,67971,0.676864225,998.793,Kecimen
70977,362.0635747,256.3830246,0.70609608,73417,0.650222613,1033.87,Kecimen
38569,272.9372082,181.8567206,0.745688178,39909,0.716030818,757.295,Kecimen
53964,368.074061,189.8138686,0.856772375,55662,0.603678181,943.5989999999999,Kecimen
79100,413.49636539999995,246.4047067,0.803054658,81839,0.655148423,1113.607,Kecimen
83071,400.4656882,265.92879700000003,0.7476891520000001,84531,0.7184581059999999,1112.7839999999999,Kecimen
31237,262.3470571,155.02574280000002,0.806731223,32564,0.613910617,718.847,Kecimen
26908,245.75578140000002,143.7108718,0.8111983690000001,28607,0.6934872809999999,678.815,Kecimen
66797,358.19891789999997,240.78269440000003,0.740366108,68732,0.697662517,1006.375,Kecimen
76222,388.80739930000004,250.69607369999997,0.764366384,77958,0.73744195,1065.68,Kecimen
46810,297.89137289999996,201.5349368,0.736407405,48300,0.721307939,836.1089999999999,Kecimen
65123,382.3576865,218.88874840000003,0.8199248570000001,66825,0.764336518,1018.3530000000001,Kecimen
65091,392.4932707,216.8275716,0.833555048,69597,0.664193878,1079.752,Kecimen
68400,363.5065315,249.5814954,0.727040805,72981,0.725744843,1079.973,Kecimen
64056,393.6167673,209.630823,0.846382218,65958,0.767873412,1014.268,Kecimen
49821,319.0820631,202.2364946,0.7734911059999999,51829,0.677975097,907.423,Kecimen
80353,394.340189,264.5790871,0.74151054,83419,0.6680217820000001,1120.777,Kecimen
51539,330.74748680000005,200.95793930000002,0.794252979,53060,0.72541099,894.039,Kecimen
63827,393.251665,209.1461847,0.846846105,66445,0.66740908,1047.037,Kecimen
89345,435.55087970000005,262.0614475,0.7987386329999999,91337,0.713846277,1176.657,Kecimen
31275,264.687187,156.3955455,0.806767261,33540,0.658393331,727.561,Kecimen
75431,433.6712228,222.99941669999998,0.857662466,78125,0.723184154,1103.236,Kecimen
72718,397.90294500000005,235.55989419999997,0.805935469,74803,0.746867425,1073.9160000000002,Kecimen
82886,424.82270930000004,253.171548,0.803024243,85879,0.648281256,1163.528,Kecimen
67852,353.1242534,247.33523080000003,0.713731082,69587,0.729512956,983.385,Kecimen
49336,338.4814606,193.0052021,0.821499608,52619,0.6565527520000001,909.681,Kecimen
39368,296.65594780000004,171.2081645,0.816654393,41361,0.619968504,798.546,Kecimen
51304,350.04258169999997,189.765438,0.840300429,52949,0.660997732,897.1110000000001,Kecimen
91764,433.76815949999997,270.2860947,0.782132713,93480,0.692924564,1165.0839999999998,Kecimen
79252,398.8445645,254.17292949999998,0.770638009,80799,0.7050074279999999,1074.108,Kecimen
50530,328.91801539999994,198.2839196,0.797864438,52600,0.6816955370000001,897.796,Kecimen
66063,354.09752480000003,238.51025319999997,0.7391214209999999,67503,0.762676056,971.938,Kecimen
73311,391.8675067,239.60176370000002,0.7912941590000001,74825,0.689966401,1046.52,Kecimen
82793,428.1169055,249.3908796,0.812809305,84950,0.742458211,1130.673,Kecimen
104921,452.86301280000004,297.02418670000003,0.754864415,108211,0.726297937,1254.861,Kecimen
59654,350.8999545,219.48986749999997,0.7802197209999999,62384,0.713052833,979.727,Kecimen
76531,407.6686396,241.39952709999997,0.805830387,78857,0.7312274870000001,1068.375,Kecimen
57438,344.9801825,215.4342255,0.781038479,58924,0.693394176,935.816,Kecimen
55129,336.021702,210.4280656,0.779635513,56855,0.750401546,910.837,Kecimen
37302,284.3301121,170.5330024,0.800171576,39280,0.7211739229999999,761.1310000000001,Kecimen
58357,338.32096260000003,220.46439500000002,0.758526041,59383,0.738172941,915.3789999999999,Kecimen
33615,254.47222999999997,171.0010504,0.740566437,35376,0.788048575,719.935,Kecimen
47555,330.8992812,186.2529038,0.82654621,50165,0.680708836,873.837,Kecimen
71762,387.6741043,236.87360530000004,0.791621183,73593,0.701677879,1038.741,Kecimen
84677,401.6681425,269.6684468,0.7411211990000001,86777,0.751028843,1118.999,Kecimen
86421,367.1703365,300.7939859,0.573476639,87929,0.748622661,1080.007,Kecimen
90191,431.3669658,272.751395,0.7747273,93719,0.625024255,1179.374,Kecimen
34638,251.74224619999998,178.341115,0.705783651,35824,0.749399624,713.94,Kecimen
39275,274.0659935,185.41127350000002,0.736423765,40747,0.7125621390000001,772.5010000000001,Kecimen
41458,281.8248824,192.6741159,0.729794954,42792,0.6827733859999999,782.362,Kecimen
85954,405.9151667,272.0833254,0.742093815,87690,0.7148179570000001,1104.7169999999999,Kecimen
56589,343.93475689999997,213.13333419999998,0.7848457459999999,58274,0.6598530779999999,931.451,Kecimen
39622,280.1124767,185.1922062,0.750266822,40539,0.733007733,766.5310000000001,Kecimen
48093,329.9357423,187.04172219999998,0.823784218,49367,0.7451080640000001,858.3860000000001,Kecimen
67404,349.011262,247.69026929999998,0.704512743,69607,0.745026085,997.2760000000001,Kecimen
57838,350.2854586,214.8024505,0.7899112770000001,59449,0.674039717,939.1489999999999,Kecimen
58570,355.3995375,214.5674661,0.7971843829999999,60494,0.657557931,962.7080000000001,Kecimen
60199,375.2796881,205.4140518,0.836895588,61711,0.736289139,971.185,Kecimen
74254,402.5264818,241.2834392,0.800432782,76702,0.726470473,1080.0339999999999,Kecimen
63718,407.5658564,200.26104719999998,0.8709572809999999,65950,0.7229673000000001,1023.064,Kecimen
28216,245.40129480000004,150.24558190000002,0.790668532,30316,0.6222927970000001,683.0039999999999,Kecimen
79055,395.3686671,258.275952,0.7571392929999999,82562,0.71950598,1114.488,Kecimen
86141,414.1071647,266.9075277,0.7645728390000001,87883,0.718740092,1146.164,Kecimen
82873,449.40926399999995,239.61407799999998,0.846004564,85648,0.700769491,1148.363,Kecimen
98485,387.7628358,325.7371661,0.54252098,100682,0.729864528,1193.9080000000001,Kecimen
53633,313.479956,218.66861719999997,0.7165340179999999,55147,0.728432118,882.669,Kecimen
63191,335.2416873,243.9723903,0.685841703,64898,0.7046039940000001,977.095,Kecimen
58545,325.18863589999995,231.95579890000002,0.700862765,60738,0.700500144,966.758,Kecimen
68931,381.67173419999995,231.52819350000001,0.7949949609999999,71336,0.6793105490000001,1067.692,Kecimen
67874,360.0234655,243.27197379999998,0.7371662309999999,69889,0.678319442,1035.277,Kecimen
61200,323.1744104,246.28832430000003,0.647469874,64553,0.707449022,997.2639999999999,Kecimen
87089,396.48685710000007,280.2454497,0.70739191,88754,0.742231578,1154.562,Kecimen
59589,383.5712334,201.3818552,0.851091037,62974,0.684081829,1043.187,Kecimen
50312,354.23555120000003,182.31208069999997,0.8573923040000001,52070,0.623352166,961.439,Kecimen
41995,259.20887819999996,210.3507977,0.584337455,43443,0.729700613,801.5260000000001,Kecimen
137583,649.541485,273.2602815,0.9072011179999999,142650,0.731637667,1590.354,Besni
117592,533.2928563,288.55831939999996,0.840966033,123587,0.730067672,1432.006,Besni
95546,487.1782819,251.96024300000002,0.8558749440000001,99166,0.7227820140000001,1276.807,Besni
96582,446.70520350000004,278.325498,0.782171631,100113,0.706597603,1216.979,Besni
61409,403.7012948,209.3658885,0.8550073709999999,67286,0.597392869,1083.4769999999999,Besni
154242,585.9280742000001,337.5992453,0.817323783,158371,0.7216,1530.315,Besni
134303,600.7662711,288.3849296,0.8772528959999999,138133,0.74243622,1497.515,Besni
112378,528.4003253999999,272.77872030000003,0.856447002,115602,0.614705496,1366.74,Besni
124579,439.9605034,371.0262137,0.537416298,128307,0.698250157,1373.537,Besni
83107,507.3808994,233.15384980000002,0.8881652,93706,0.49100200899999996,1367.3310000000001,Besni
107178,508.74789560000005,270.4624159,0.84698069,110611,0.6329085520000001,1325.9470000000001,Besni
64391,449.5559013999999,187.1223778,0.909255569,68813,0.63426911,1177.714,Besni
126781,659.4426082,249.54476580000002,0.9256349340000001,132802,0.73666198,1552.54,Besni
45051,323.5892546,180.0697373,0.8308635120000001,46532,0.830632225,836.625,Besni
119026,612.7444115000001,250.9269903,0.912304144,123463,0.615745148,1486.769,Besni
67579,402.3102017,217.0587358,0.841965878,70809,0.70311297,1051.553,Besni
97019,559.5992129,228.64175330000003,0.9127219459999999,101539,0.573452572,1383.6470000000002,Besni
184784,740.1087098999999,320.58783,0.901315524,192699,0.645353264,1791.568,Besni
168276,656.0993812999999,328.486879,0.865640348,174282,0.681538723,1685.283,Besni
195383,755.0129141,335.7904519,0.895655767,204472,0.7287691159999999,1893.414,Besni
65253,418.99788689999997,205.75618469999998,0.871121605,69700,0.66625485,1075.404,Besni
120255,471.8135294,326.5463364,0.721793107,123486,0.723886976,1322.8139999999999,Besni
108161,485.10264580000006,286.03319080000006,0.8076703009999999,111765,0.7079062770000001,1305.144,Besni
157877,613.8737446,328.3133366,0.8449645920000001,161901,0.641322804,1604.1029999999998,Besni
83800,440.8337404,245.38188050000002,0.8307596159999999,86346,0.657162126,1170.0910000000001,Besni
177264,619.9584723999999,366.7632399,0.8062365909999999,180994,0.6832193759999999,1652.694,Besni
127245,530.3040552,309.1215157,0.812534049,130649,0.6790963529999999,1423.997,Besni
108314,455.60587649999997,311.17111760000006,0.7304341679999999,112497,0.686944665,1306.577,Besni
128947,572.8016018,289.02216860000004,0.863367048,132108,0.604408842,1446.9229999999998,Besni
189637,636.7524367999999,403.71932749999996,0.7733095059999999,209580,0.613785469,1870.28,Besni
137508,604.1144232999999,292.0960638,0.875338198,141818,0.60152231,1529.79,Besni
75173,365.8032415,267.5827815,0.6818481559999999,78359,0.67995405,1087.0339999999999,Besni
115859,488.4888558,305.090778,0.780976537,120546,0.742643053,1351.422,Besni
92188,374.7201638,324.30256160000005,0.500990716,95920,0.747599585,1190.813,Besni
153824,536.606993,369.28645439999997,0.725532478,159063,0.7390836409999999,1582.146,Besni
85492,437.0139693,250.89260869999998,0.8187805570000001,89018,0.7233437690000001,1182.575,Besni
106312,464.3323636,295.3167921,0.7716865559999999,111089,0.729683725,1306.455,Besni
210923,984.0454912,367.27953210000004,0.927737116,278217,0.507352075,2697.7529999999997,Besni
89138,507.14339620000004,226.21661519999998,0.8950028320000001,93549,0.7383863490000001,1262.578,Besni
83567,465.10146579999997,230.90423140000001,0.868059652,86859,0.6092221329999999,1199.017,Besni
171256,531.3732054,412.3828168,0.630646744,174277,0.70191488,1559.214,Besni
77105,419.9536962,238.8394659,0.822525594,80497,0.6689948379999999,1131.54,Besni
100443,457.56987230000004,283.61127969999995,0.7847434590000001,104186,0.673788505,1269.066,Besni
72606,424.47202400000003,223.23263300000002,0.850542335,76975,0.683852617,1117.107,Besni
83555,457.54647239999997,235.09987059999997,0.8578936420000001,86694,0.711227443,1159.779,Besni
146268,588.0092142000001,321.6079813,0.83716934,150416,0.6954214809999999,1535.287,Besni
113608,559.2667826,264.028685,0.881546115,118098,0.627862764,1394.088,Besni
75058,424.7637094,228.8458259,0.842459099,78952,0.685461187,1130.395,Besni
116406,612.665318,251.8328267,0.911615194,125638,0.526259635,1480.951,Besni
100319,480.7789636,267.6688956,0.8306867859999999,104255,0.639614136,1289.2089999999998,Besni
143386,469.2765081,397.3101898,0.532159522,146328,0.750260314,1422.014,Besni
164782,660.3641751,322.620924,0.872535895,169000,0.757757749,1654.986,Besni
71639,400.41395939999995,231.6201421,0.815716625,76252,0.6424619079999999,1101.879,Besni
141220,575.6823646,316.6212427,0.8351692959999999,144300,0.6591519060000001,1507.9389999999999,Besni
88290,514.4361539,221.4448377,0.902609051,92317,0.555157323,1277.388,Besni
102569,515.3952494,259.1942281,0.8643423920000001,106888,0.573241751,1331.797,Besni
182160,997.2919406,271.8723954,0.96212444,221527,0.379856115,2303.69,Besni
208264,675.0983445,395.57929060000004,0.810341407,212813,0.7717483140000001,1755.1670000000001,Besni
133101,641.5097389,265.3139704,0.910468935,136793,0.582496357,1544.7120000000002,Besni
169009,719.5058781,301.56512589999994,0.907927113,174718,0.716926627,1781.378,Besni
81901,450.8275297,237.20898939999998,0.850383428,85000,0.583107877,1192.014,Besni
80678,457.9252352,229.70356180000002,0.865089207,85201,0.6073595620000001,1226.244,Besni
101661,440.9818348,295.53070519999994,0.742211915,105429,0.713290393,1268.05,Besni
82207,451.0060488,235.1597735,0.8533053209999999,84780,0.6294370770000001,1182.274,Besni
166275,602.3077749,356.2362867,0.8063400270000001,168292,0.7192820809999999,1580.961,Besni
188651,621.0126864,390.3076128,0.7778081020000001,192922,0.7471563459999999,1698.394,Besni
202118,684.6029580000001,379.71928169999995,0.832079617,209242,0.7172188159999999,1827.9,Besni
97375,468.9040381,268.26702489999997,0.820173426,100169,0.6947169409999999,1244.252,Besni
64303,442.7453136,187.0290194,0.906395428,67199,0.6862353790000001,1081.68,Besni
86715,440.47432319999996,254.3360345,0.816451523,89920,0.7353714379999999,1173.259,Besni
155702,655.3989662,304.6121493,0.885429547,160709,0.697046209,1626.9089999999999,Besni
84295,458.8440074,238.289021,0.8545770109999999,88521,0.708450645,1202.583,Besni
177206,699.6182637999999,328.1121355,0.883204868,181412,0.739152923,1754.378,Besni
110897,518.7876139,275.26050539999994,0.847632242,115550,0.7304361,1365.5770000000002,Besni
56903,360.815292,204.03770600000001,0.824754645,59797,0.718426867,980.39,Besni
113029,558.5161561000001,265.2842028,0.879996398,116783,0.66209179,1419.5770000000002,Besni
69579,398.5966833,224.57851569999997,0.82616862,71648,0.7193858559999999,1071.644,Besni
163442,594.759221,351.4256873,0.8067664059999999,167471,0.704685775,1621.9589999999998,Besni
114289,580.6008301,261.76369819999996,0.892599892,120657,0.6494874070000001,1455.8929999999998,Besni
74652,424.98067280000004,231.60426529999998,0.8384516470000001,79014,0.59261729,1157.109,Besni
90559,473.5758459,246.91996749999998,0.853315591,95477,0.673231039,1328.744,Besni
104352,562.3359078999999,239.40259300000002,0.904850809,107968,0.668066581,1390.73,Besni
82161,441.7955517,246.810056,0.829402027,86909,0.630243012,1222.1580000000001,Besni
131816,532.7314252,322.6830027,0.7956822709999999,138992,0.7221923929999999,1488.84,Besni
163082,696.1490457,302.2224471,0.900847975,167442,0.7637785690000001,1687.1779999999999,Besni
77012,425.2194272,239.4695614,0.826343087,81325,0.654279767,1131.53,Besni
81604,528.5858925,204.7395131,0.921939284,87172,0.491460095,1299.386,Besni
82853,430.1149972,251.17570030000002,0.811772822,85292,0.746436873,1139.84,Besni
145693,591.1801444,321.43119110000004,0.8392724640000001,151644,0.6485274999999999,1595.364,Besni
96443,541.2000742,232.5480394,0.902976663,101271,0.553411373,1352.4820000000002,Besni
168620,730.7609597000001,295.50046230000004,0.9145938809999999,172003,0.796730297,1725.003,Besni
193032,661.1487714,376.4321931,0.822087757,197672,0.631120527,1744.271,Besni
140897,588.0709185,308.0257871,0.8518472990000001,146231,0.733999104,1536.473,Besni
118988,483.34000480000003,315.2484647,0.758021814,122375,0.7844673000000001,1356.398,Besni
103666,456.3827046,293.92243460000003,0.765003405,107992,0.647265235,1332.203,Besni
68231,394.64653389999995,228.16099999999997,0.8159374890000001,71591,0.664527251,1099.228,Besni
88928,395.72499799999997,300.22700160000005,0.6514683000000001,93821,0.671063554,1239.54,Besni
117077,496.1307567,314.547414,0.7733321959999999,123305,0.70883156,1419.16,Besni
123056,618.1418151,256.9501109,0.909510252,128101,0.641284069,1522.0279999999998,Besni
94455,496.8950128000001,245.2439068,0.8697158559999999,97496,0.719887507,1256.322,Besni
89311,429.2790857,270.8593166,0.77581274,94720,0.6826492390000001,1234.547,Besni
68982,400.7368809,223.9076574,0.8293429929999999,73278,0.728765213,1105.79,Besni
204864,596.6398017999999,440.49712750000003,0.674476207,209457,0.7510090359999999,1726.246,Besni
83693,437.734856,245.42426269999999,0.828040175,87230,0.702859542,1177.858,Besni
75529,418.5184789,233.99019339999998,0.82910585,79168,0.658669736,1143.2939999999999,Besni
121034,518.7204429999999,305.7358095,0.80783856,125665,0.70666472,1418.3039999999999,Besni
105192,440.56290920000004,305.79177910000004,0.71988502,107313,0.736901835,1244.0539999999999,Besni
77402,469.45934739999996,215.0799509,0.888878022,80680,0.621328517,1162.004,Besni
87857,380.77648680000004,300.9086479,0.612784478,90968,0.728499171,1144.344,Besni
139399,522.4680098,348.28216160000005,0.745407081,144034,0.69363089,1471.5079999999998,Besni
178334,626.0641737999999,366.2370495,0.81104538,181715,0.789451783,1630.704,Besni
144084,555.9210209,332.12388910000004,0.801921074,149076,0.729421056,1506.255,Besni
84975,511.8746638,215.44822030000003,0.9071068859999999,88730,0.629612341,1246.361,Besni
118043,493.76524450000005,308.0001269,0.781601193,122903,0.6755969409999999,1394.1,Besni
102769,515.6080701000001,261.13665180000004,0.8622614190000001,109161,0.65023094,1378.308,Besni
136960,559.2958675,313.3098688,0.8283666679999999,139458,0.7221419609999999,1458.5510000000002,Besni
113206,548.9710464999999,264.2584778,0.876517212,116787,0.725860952,1388.476,Besni
155057,610.6779717999999,325.5076812,0.8460984029999999,159681,0.7610570390000001,1564.694,Besni
116715,571.0488404,278.8373978,0.872681468,127342,0.60261772,1488.3239999999998,Besni
91146,498.3917995,241.896779,0.8743173679999999,97149,0.672892643,1293.559,Besni
101223,496.53346060000007,276.86620289999996,0.8301109320000001,109593,0.713611945,1345.4260000000002,Besni
79492,422.5673288,243.11629559999997,0.8179203290000001,82708,0.637353474,1122.8310000000001,Besni
93234,452.92650639999994,268.76305360000003,0.804913476,97428,0.715906997,1222.886,Besni
167279,690.0719941000001,311.99569219999995,0.89195687,171794,0.578673899,1680.121,Besni
193558,769.4251488,321.6858345,0.90840748,197851,0.605915848,1865.297,Besni
146175,592.9085046,319.0201112,0.842906798,149156,0.632833301,1529.068,Besni
108076,516.0732298,270.743408,0.851335233,112975,0.698815436,1378.774,Besni
131811,573.5417738,295.4230955,0.8571387570000001,135814,0.71150732,1457.016,Besni
129038,540.814829,306.8177642,0.823493997,134796,0.64875817,1459.345,Besni
130868,613.1726145,273.1819147,0.895270971,134139,0.536784249,1513.352,Besni
206720,713.4725493,373.64254389999996,0.851905369,210114,0.7805762190000001,1866.0910000000001,Besni
205497,632.7276067,414.18832549999996,0.755968807,209486,0.76928865,1736.839,Besni
146420,598.0726814,314.3906394,0.850686743,149403,0.7467360259999999,1531.955,Besni
126014,523.1863795,309.11683,0.806792408,130059,0.736226499,1396.906,Besni
101103,484.1659011,269.145887,0.83125185,105500,0.67,1307.683,Besni
61444,371.6938257,213.17980609999998,0.8191803259999999,64321,0.737472545,1006.9839999999999,Besni
160605,630.6173412,330.7711388,0.8513983890000001,167411,0.723185339,1679.5620000000001,Besni
100649,433.3668701,300.45778010000004,0.720639035,103883,0.7247191820000001,1257.029,Besni
112808,542.5047797,267.2018778,0.8702933820000001,116961,0.743155287,1390.4,Besni
105951,521.1127579,267.7270571,0.8579337579999999,111368,0.733559965,1377.2479999999998,Besni
177916,581.7097499,394.52470780000004,0.734862852,181352,0.7372067390000001,1647.505,Besni
109254,483.163737,289.8286843,0.8001079520000001,111624,0.740102967,1293.225,Besni
128574,601.8002346,276.2481554,0.88841751,135975,0.67400216,1508.934,Besni
124166,525.9453568,304.15646860000004,0.8158211329999999,126960,0.728998849,1388.684,Besni
133784,581.2869477,300.63568599999996,0.855870727,139806,0.6795895559999999,1502.661,Besni
80481,481.0639534,217.56115099999997,0.8918912370000001,85153,0.7149735709999999,1219.105,Besni
63491,326.63288239999997,248.32244930000002,0.649631331,64892,0.734356566,950.297,Besni
109791,477.03350159999997,294.53384710000006,0.7866273890000001,112766,0.744780007,1290.239,Besni
89236,389.6816918,295.3319356,0.652394055,92014,0.696992892,1144.036,Besni
152267,598.9676357999999,331.24901719999997,0.8331591840000001,157353,0.594050406,1570.5020000000002,Besni
89721,530.1565743,223.49993340000003,0.90679426,95252,0.547433097,1295.377,Besni
129493,497.7881364,339.5262777,0.731287033,136555,0.6475297529999999,1447.684,Besni
74966,465.3608157,209.27964630000002,0.893172211,78159,0.7124149470000001,1157.089,Besni
136180,551.4538281,316.469824,0.818937495,139701,0.729890232,1461.03,Besni
102013,453.89345810000003,292.130181,0.76535397,106036,0.637828409,1266.255,Besni
169078,644.9312689,336.57162850000003,0.853023753,173362,0.682988899,1629.634,Besni
78304,390.9730835,262.7704159,0.7404664120000001,82394,0.623285654,1137.7060000000001,Besni
54321,395.01184,182.3239807,0.887105943,58632,0.625069042,1021.9889999999999,Besni
101439,524.8171864,251.1605543,0.8780506570000001,107520,0.733311646,1393.213,Besni
118787,562.2809569,273.3299091,0.873898112,125083,0.643713354,1459.5839999999998,Besni
85517,410.6220937,269.81717180000004,0.753808948,88349,0.70294108,1127.889,Besni
72653,403.19095930000003,231.05573419999996,0.819507998,74718,0.663897875,1062.07,Besni
126515,595.3425575,277.90929289999997,0.884359909,134574,0.712977469,1461.111,Besni
117714,480.629674,314.02653399999997,0.7570431790000001,120922,0.724300244,1361.884,Besni
62451,337.2899875,237.7053859,0.7094549459999999,64499,0.696275072,963.0089999999999,Besni
107895,462.04613049999995,300.5589867,0.759510001,110755,0.7640477290000001,1277.7910000000002,Besni
199015,615.4172359,413.9274732,0.740009433,201464,0.768569796,1687.866,Besni
130388,511.8975835,326.31244849999996,0.7704863359999999,132727,0.719183673,1393.974,Besni
106440,501.0443057,273.1940698,0.838273925,108790,0.750751174,1302.472,Besni
109878,541.9483998,260.083619,0.87732059,112825,0.689192749,1369.2020000000002,Besni
78984,427.4942761,236.8825745,0.832437662,82328,0.69841719,1169.476,Besni
135899,625.3482265,286.89989069999996,0.88854772,144444,0.632588558,1594.2089999999998,Besni
193818,678.5595652000001,367.90036180000004,0.840263379,201241,0.79154619,1766.8729999999998,Besni
137788,654.4702641,272.3013,0.9093354840000001,141442,0.706431237,1562.2679999999998,Besni
71800,431.00857479999996,218.7157773,0.8616805540000001,77521,0.648154835,1187.724,Besni
96210,482.51201910000003,262.6744113,0.838832653,102157,0.686586549,1270.5639999999999,Besni
103057,548.4052371,241.123219,0.8981541340000001,107983,0.715653732,1391.207,Besni
104602,478.2226517,279.361007,0.8116348179999999,106906,0.77991351,1263.012,Besni
105467,465.57379749999996,290.2024046,0.781965247,109052,0.730380886,1302.361,Besni
83059,440.55997080000003,243.63651209999998,0.833170935,88806,0.6858088859999999,1238.163,Besni
99378,466.397472,275.5755957,0.80677413,102653,0.6870381,1260.343,Besni
90585,489.64778909999995,239.3502938,0.87238391,95774,0.6723446890000001,1270.266,Besni
83065,444.99964769999997,241.33116580000004,0.84017353,87785,0.720549965,1182.5610000000001,Besni
54357,362.5947181,192.94936669999998,0.8466594740000001,56006,0.699917592,945.828,Besni
169645,731.5618761,299.41340539999993,0.9124089809999999,174278,0.755515672,1753.016,Besni
70461,376.17084339999997,243.95482909999998,0.7611964520000001,72819,0.72827907,1046.692,Besni
105347,476.80350039999996,282.02581569999995,0.806310313,108072,0.769034792,1266.876,Besni
160583,630.6452291,326.2445303,0.855792865,165385,0.751898675,1646.559,Besni
101772,477.90894389999994,273.4043639,0.820194593,104567,0.684337933,1266.657,Besni
61123,329.3302205,257.26809330000003,0.624298597,70556,0.7232635190000001,1128.077,Besni
90375,480.6324763,241.0167682,0.8651822690000001,93826,0.643559069,1251.6789999999999,Besni
131847,560.4209076000001,302.6406658,0.841649703,134950,0.7443137870000001,1446.145,Besni
81998,423.63263190000004,251.23944480000003,0.8051584829999999,83932,0.729480633,1130.427,Besni
105924,497.70064610000003,274.5758066,0.834050126,109179,0.716535433,1295.27,Besni
121757,486.5210676,323.35173030000004,0.7471813620000001,125067,0.759912623,1357.888,Besni
116198,494.25917589999995,301.68289560000005,0.7921134479999999,118786,0.71936754,1328.07,Besni
86846,459.3960385,242.6199645,0.849164703,89047,0.725930755,1173.308,Besni
77799,419.3385795,238.3432501,0.8227668509999999,80688,0.648001,1114.454,Besni
75242,391.6781455,248.08911659999998,0.7738241790000001,77890,0.668176329,1077.4189999999999,Besni
113164,486.76635989999994,297.1102875,0.7921121640000001,116531,0.739561481,1313.092,Besni
194864,657.8678432,378.0584606,0.818383583,197430,0.7864268879999999,1700.9370000000001,Besni
103313,503.4514388,266.44503560000004,0.8484741570000001,108615,0.667043297,1343.017,Besni
98464,488.21500410000004,261.7242599,0.844164633,101977,0.6794322420000001,1259.069,Besni
97377,503.9920682,252.4996254,0.865447744,101317,0.708423059,1281.252,Besni
169880,648.904219,339.13112989999996,0.852564975,177170,0.713766518,1660.6770000000001,Besni
69746,370.5604807,241.9144571,0.757501058,72724,0.71260281,1027.513,Besni
172334,595.8177469999999,375.0205347,0.777064027,174610,0.636111296,1591.894,Besni
192815,731.4402924,337.1023722,0.887465183,196576,0.7343990429999999,1803.6860000000001,Besni
92121,432.0619001,275.6906108,0.7699690109999999,95197,0.7154473440000001,1193.836,Besni
82462,434.5712205,244.45745330000003,0.8267798409999999,85611,0.649910941,1174.203,Besni
53325,351.2037065,197.21364169999998,0.8274520809999999,56030,0.706141745,934.49,Besni
151703,595.1070957999999,330.3427512,0.8317849629999999,156402,0.67130865,1608.599,Besni
40702,274.1689537,191.378387,0.71606769,41924,0.721615488,771.797,Besni
81480,434.10025880000006,242.70175130000004,0.8291059820000001,84581,0.6740123090000001,1162.37,Besni
104669,546.6727559,248.52790770000001,0.890685928,110984,0.6873456790000001,1398.545,Besni
85390,403.7297499,272.9703269,0.736790229,88615,0.710499821,1156.718,Besni
178692,594.7221714,384.0380462,0.763554308,181288,0.74704638,1622.0320000000002,Besni
104385,488.89755099999996,277.68374389999997,0.823042761,108197,0.7721697829999999,1315.8429999999998,Besni
206689,746.145341,355.3006855,0.8793469620000001,212569,0.745808887,1876.0279999999998,Besni
98166,420.70217560000003,299.58360919999996,0.7020742179999999,100659,0.7074262240000001,1245.0339999999999,Besni
156769,662.9666319,307.8680665,0.88563635,161782,0.742108801,1646.525,Besni
182823,700.0084625,337.7066668,0.87593328,190749,0.698891395,1789.254,Besni
96139,498.38766060000006,250.11203709999998,0.8649591040000001,100204,0.675361077,1298.138,Besni
99177,494.0551922,260.9736477,0.849102747,104468,0.61417513,1317.6870000000001,Besni
76114,435.3879154,224.7276306,0.856495219,77824,0.6819273220000001,1100.9289999999999,Besni
111056,514.7145466,277.879091,0.841748223,114995,0.6707859939999999,1370.914,Besni
51350,342.6553034,204.0111119,0.8034420879999999,54576,0.649178255,930.051,Besni
144973,614.8149264,304.33153139999996,0.868894695,150534,0.733669028,1539.4289999999999,Besni
182788,621.2067629,379.4244465,0.791795655,188848,0.7330608909999999,1679.075,Besni
128442,585.9819941000001,281.6014086,0.876960072,133704,0.7506838109999999,1499.355,Besni
76364,381.8024151,258.58797250000003,0.73572335,78977,0.7473478179999999,1075.8,Besni
158808,658.9566002,308.528449,0.8836185259999999,162376,0.7266105420000001,1624.3429999999998,Besni
106923,591.1158376,234.82334640000002,0.9177085429999999,111428,0.522278775,1425.109,Besni
60640,369.27036949999996,218.5287077,0.806095763,66145,0.711720382,1036.527,Besni
88257,452.9245926,254.4821926,0.827229367,92886,0.736088407,1209.622,Besni
102868,430.0260915,312.9725953,0.685790415,106439,0.717930823,1251.802,Besni
61539,364.2559451,220.36201969999996,0.7962522259999999,65462,0.7233925,1056.491,Besni
129292,614.5474257999999,270.0854905,0.8982490409999999,133475,0.6896897540000001,1531.744,Besni
57999,311.02247,243.4761211,0.622242108,61519,0.6563348720000001,968.697,Besni
88315,456.7407136,248.14995660000002,0.839534766,92046,0.644193035,1205.863,Besni
88250,478.48183560000007,238.3218863,0.867131498,92397,0.606600084,1217.127,Besni
141137,600.126138,305.76683760000003,0.86046812,145158,0.585589398,1495.983,Besni
123980,531.8682600999999,332.5761746,0.7803860420000001,138078,0.6676215910000001,1539.944,Besni
49371,320.643403,200.2455856,0.78101538,52692,0.675122045,921.059,Besni
172783,820.724022,352.1936798,0.903244833,219952,0.496936979,2289.889,Besni
86852,456.47868789999995,248.60686919999998,0.838683717,90550,0.607853978,1207.5339999999999,Besni
91464,433.2197933,273.25546139999994,0.77598221,93852,0.7177024479999999,1182.21,Besni
93441,396.79078,300.8126078,0.652122156,95370,0.7233171290000001,1157.771,Besni
94211,450.0046169,269.2865688,0.801191187,96340,0.71684776,1194.631,Besni
124630,585.0938025,275.49361289999996,0.88221128,128308,0.6818318590000001,1485.99,Besni
116361,554.4901203,277.06688660000003,0.866210843,125132,0.7474130459999999,1434.389,Besni
152992,572.7053956,341.2457032,0.803096791,155411,0.777524801,1500.251,Besni
147843,651.0028073,299.7432602,0.887694392,155494,0.7193256459999999,1633.723,Besni
135036,582.6875226,301.5684879,0.85565446,139124,0.634567669,1509.374,Besni
128107,616.9944002999999,267.9807338,0.900752608,133001,0.6214834260000001,1513.469,Besni
79975,439.31250830000005,240.49419019999996,0.8368494759999999,83384,0.6911616009999999,1162.608,Besni
60674,345.315246,225.2188028,0.758036475,62614,0.735576165,987.617,Besni
96404,470.1016955,264.2362097,0.827080776,99678,0.754547447,1265.032,Besni
222915,731.5594062000001,389.94669980000003,0.84609325,227170,0.770542973,1876.307,Besni
108379,482.5655775,289.3857273,0.800238655,111707,0.702710238,1316.871,Besni
62562,407.9392627,198.710116,0.8733422359999999,64694,0.628258686,1030.757,Besni
204226,648.2042885,402.2832708,0.7841179220000001,207198,0.773987918,1724.662,Besni
77985,473.3407049,214.09203119999998,0.891865826,82967,0.674377378,1214.981,Besni
104728,495.67168250000003,272.6867344,0.8350752109999999,109157,0.7302189370000001,1316.398,Besni
85449,471.1246639,238.3286787,0.8626086759999999,89794,0.584770469,1246.2,Besni
97558,477.1107437,261.9163163,0.835846416,100259,0.777045002,1229.813,Besni
97049,548.2208327999999,231.66101859999998,0.906330851,102899,0.616301518,1399.672,Besni
58870,355.1360184,212.02945950000003,0.8022134559999999,60490,0.734956305,940.363,Besni
83889,450.9889914,241.3303882,0.844780047,88842,0.729824958,1183.981,Besni
110527,514.5888486,275.58335510000006,0.844509317,114538,0.689698853,1360.8210000000001,Besni
66793,362.2312356,236.4044486,0.7576732540000001,69506,0.684109182,1024.1689999999999,Besni
91665,485.45214330000005,243.0800284,0.865604032,95741,0.700032075,1244.563,Besni
126149,478.8771011,345.9199722,0.6915208820000001,134778,0.624908356,1549.185,Besni
101618,443.4929899,293.38416889999996,0.749918202,104508,0.7502417920000001,1238.627,Besni
96442,450.40813560000004,276.9226152,0.788662816,100712,0.7030581370000001,1239.3139999999999,Besni
79397,434.9940818,235.51949330000002,0.8407448740000001,83074,0.696116854,1148.633,Besni
86658,439.22907689999994,258.3043276,0.80879864,89048,0.699757752,1184.5810000000001,Besni
113046,548.9408354,265.3050959,0.8754528,116819,0.6771816740000001,1385.645,Besni
53373,330.6772412,215.70164759999997,0.757958591,56639,0.654281336,936.823,Besni
80274,404.3024952,256.0624764,0.773870556,84523,0.663542132,1153.618,Besni
89431,464.8339317,247.352044,0.8466627109999999,92412,0.624797395,1198.853,Besni
84383,403.9094148,271.2515091,0.74094546,87629,0.67494521,1140.605,Besni
98260,520.1030781000001,245.20975869999998,0.88188543,103918,0.576457129,1345.6870000000001,Besni
104656,489.45421739999995,273.45266430000004,0.8293772690000001,106961,0.741609977,1273.128,Besni
100186,462.50592919999997,277.6991108,0.799682716,101921,0.6822428629999999,1217.8310000000001,Besni
122617,503.6875762,322.6225172,0.767940576,131499,0.643253594,1429.352,Besni
117301,507.24044069999997,296.8298817,0.810899272,122361,0.618402185,1407.401,Besni
48007,302.6110474,209.1160842,0.72281732,50679,0.677051307,889.743,Besni
165681,615.2108745,346.7022458,0.826081781,170954,0.7358236659999999,1635.7910000000002,Besni
83929,429.0904087,252.0375627,0.8093139140000001,87269,0.704841486,1176.2269999999999,Besni
109701,546.6352817000001,256.6147321,0.882962171,113425,0.580625185,1405.868,Besni
117098,637.7702144,237.47178540000002,0.928093615,120417,0.652865745,1484.3339999999998,Besni
107082,536.8515692,258.71716000000004,0.876217627,112201,0.7295209290000001,1354.715,Besni
102944,477.1675089,277.2224874,0.813921262,108053,0.715684093,1339.098,Besni
53077,327.2878204,212.2310886,0.7612538609999999,55532,0.6464133479999999,934.7080000000001,Besni
78161,453.20339529999995,222.6050244,0.871057374,81689,0.733492868,1161.2910000000002,Besni
122433,585.2941984,270.7088097,0.886610152,128445,0.579493175,1526.711,Besni
142069,662.7137696000001,275.43969269999997,0.909536563,148697,0.732276687,1622.58,Besni
82585,436.1824306,264.8740998,0.794506753,93928,0.588446959,1320.46,Besni
96753,477.4997235,261.9434084,0.836102728,99964,0.694107266,1258.683,Besni
106393,472.30940580000004,287.59388989999997,0.793239365,109501,0.6783883390000001,1281.378,Besni
182122,620.4872195,376.4886055,0.794882897,187560,0.721829842,1695.23,Besni
49691,336.67805780000003,189.26166740000002,0.827039135,52077,0.7249503970000001,919.419,Besni
79057,436.3900466,236.89539330000002,0.839828107,82642,0.654597092,1148.146,Besni
110785,560.0071356000001,259.3973494,0.8862518709999999,116070,0.558566689,1456.757,Besni
171749,671.2545607000001,328.9098892,0.871726491,175679,0.738159297,1689.585,Besni
149841,547.4564052000001,354.5846058,0.7618999870000001,155682,0.711847256,1544.342,Besni
97513,486.9021671,257.2700163,0.849007165,100196,0.6889089840000001,1272.882,Besni
97254,422.04407130000004,305.8751238,0.68901521,100815,0.633349614,1254.468,Besni
132116,519.6799838000001,325.3324878,0.7798032559999999,133811,0.745071058,1393.335,Besni
132730,535.980907,324.95892000000003,0.795244976,139810,0.688558608,1475.658,Besni
68576,377.13692799999995,235.12946910000002,0.781855924,71551,0.719074732,1087.108,Besni
109011,504.39549569999997,277.0339524,0.835664958,111306,0.620933014,1297.147,Besni
109438,502.7293381,280.34374060000005,0.8300805640000001,113476,0.6354731,1323.557,Besni
76551,394.4426146,255.2544409,0.7623822709999999,81613,0.632365454,1130.405,Besni
121080,573.4036122,270.63250689999995,0.881611618,124432,0.723790395,1418.385,Besni
86202,437.7712614,253.9093213,0.814613238,90825,0.705146139,1199.809,Besni
134913,639.6015714,273.092077,0.904264761,139500,0.73672628,1535.2479999999998,Besni
175247,713.0171239,316.39849780000003,0.896152602,179961,0.592162706,1739.277,Besni
195281,609.8297259,408.5356188,0.742435528,197426,0.769656124,1639.1029999999998,Besni
131496,506.11544910000003,334.3317845,0.750752113,134210,0.705522559,1412.02,Besni
175946,604.5300676,372.8498432,0.787151415,180289,0.7758375890000001,1622.809,Besni
66265,424.55943449999995,203.3812923,0.877792635,70487,0.628014974,1126.765,Besni
106938,498.43385199999994,274.59027510000004,0.8345672009999999,110118,0.773187379,1285.854,Besni
76624,473.96599339999995,207.7369888,0.898831116,80356,0.6610075910000001,1205.819,Besni
88747,425.0072805,268.6684637,0.774845821,92317,0.761312848,1184.156,Besni
165940,624.8449588,340.6956311,0.838274613,170781,0.779463573,1641.14,Besni
181926,579.9185509,400.80166030000004,0.722726255,185474,0.716808511,1628.1570000000002,Besni
148073,599.3628139,327.0840676,0.837967815,152985,0.6901561409999999,1557.606,Besni
103915,516.4855008999999,260.10544550000003,0.8639331640000001,106499,0.691085026,1285.063,Besni
71141,417.1369997,219.1852525,0.8508235690000001,73629,0.725454805,1085.215,Besni
169494,614.9937443,352.28078999999997,0.819681103,172094,0.740122616,1607.527,Besni
47253,360.01917610000004,172.5083892,0.877725147,51538,0.711320187,940.5419999999999,Besni
102960,522.3810484,252.36542999999998,0.8755618609999999,105956,0.741658503,1311.161,Besni
81570,450.480907,233.6080557,0.855032254,84540,0.733213483,1162.256,Besni
62526,357.2050867,228.86292999999998,0.767787509,65994,0.707307692,1006.5980000000001,Besni
141613,588.3715687000001,311.29616749999997,0.84857138,149492,0.7217935129999999,1521.8110000000001,Besni
105961,497.7014598999999,275.9717264,0.832188722,109992,0.697561586,1347.989,Besni
125282,536.4989648,299.4368265,0.829752693,129758,0.735948588,1404.3029999999999,Besni
87252,433.48452019999996,261.0666438,0.7983065159999999,90160,0.73579464,1166.517,Besni
108771,472.208192,294.4538963,0.7817691520000001,111241,0.770049274,1267.646,Besni
138202,556.9819072,318.2528014,0.8206800259999999,143228,0.697215215,1576.336,Besni
92024,453.715176,260.4860546,0.818772562,94643,0.751860779,1204.623,Besni
76708,458.0446404,216.34093230000002,0.881430321,78694,0.658392557,1135.68,Besni
105053,490.40959739999994,277.084224,0.825086992,107939,0.670404145,1297.279,Besni
72924,434.2226657,220.4917639,0.8614838220000001,77356,0.621603191,1183.236,Besni
89169,408.18992169999996,281.3966838,0.724402895,93087,0.7138545540000001,1187.085,Besni
93042,470.56580549999995,254.2608114,0.8414532159999999,95156,0.632396721,1216.104,Besni
71054,364.75113639999995,249.723369,0.7288809940000001,72956,0.727848231,1027.2060000000001,Besni
90675,426.23642479999995,275.28707260000004,0.763459806,92030,0.740107415,1163.021,Besni
137921,598.761032,297.2016018,0.868116234,142159,0.748756786,1510.852,Besni
164440,580.7758476,362.3455742,0.78150484,167563,0.770427286,1554.365,Besni
71502,490.4334789,189.4429399,0.922383026,75157,0.500546035,1182.8519999999999,Besni
144250,606.351813,305.3303818,0.8639642340000001,148528,0.8002551940000001,1547.0810000000001,Besni
223075,694.2475503,411.810369,0.805073466,225916,0.764940471,1812.569,Besni
56244,398.8024524,182.8440459,0.8887033059999999,58530,0.65636597,1008.1339999999999,Besni
142239,614.8344775,297.7353473,0.874928099,148078,0.643516382,1553.114,Besni
78632,407.9403285,245.8211977,0.798050128,79715,0.6890109790000001,1068.7269999999999,Besni
93430,467.6371192,258.94716800000003,0.8326927690000001,98337,0.7129884,1258.9660000000001,Besni
97583,522.7865556,241.940773,0.886467562,101231,0.725982963,1298.731,Besni
123654,542.4197414,293.4732356,0.840993944,126325,0.65953021,1400.524,Besni
85894,477.17199280000006,231.0396812,0.874965463,89369,0.7303911559999999,1202.493,Besni
235047,772.956877,388.201507,0.864734549,239093,0.711672732,1942.05,Besni
152611,663.1332504,297.41795010000004,0.893780798,158488,0.61471504,1755.9679999999998,Besni
83932,499.23775430000006,224.4723887,0.893214785,88572,0.67084419,1258.062,Besni
117354,520.3266122,289.6619857,0.83071856,121057,0.712064948,1374.171,Besni
66315,363.5788956,234.4544522,0.764307755,68906,0.6889440659999999,1015.0210000000001,Besni
87663,405.6780508,277.4549315,0.729548695,89710,0.743688283,1126.518,Besni
95364,481.5643732,253.84678119999998,0.849784975,97623,0.737951528,1225.3519999999999,Besni
78787,450.25559169999997,228.91252200000002,0.861117655,80567,0.677376367,1142.632,Besni
160451,593.7498799,346.7570543,0.811745025,163523,0.785231188,1548.609,Besni
121077,521.191031,302.1091845,0.814864461,125856,0.7345122540000001,1403.043,Besni
62280,388.58205499999997,205.5143916,0.848694829,63596,0.791440045,977.9060000000001,Besni
106897,481.7946852,288.6600202,0.80064808,109314,0.715983148,1284.69,Besni
111568,491.1120737,293.9110068,0.801152573,114128,0.7347589290000001,1303.224,Besni
61556,340.78362769999995,231.4351892,0.73402126,63181,0.734803992,956.302,Besni
47609,331.8941109,184.2131203,0.8318264470000001,49720,0.748192733,874.091,Besni
61861,345.9436498,235.43046780000003,0.732705625,67390,0.70227959,1063.621,Besni
84855,420.35062400000004,275.8810121,0.754489905,90768,0.6738053270000001,1172.642,Besni
127292,639.8506348,258.38194469999996,0.9148402109999999,129101,0.534714521,1496.0620000000001,Besni
125968,522.5437758,308.0475964,0.807757147,129444,0.739578685,1414.078,Besni
48488,275.3377168,226.80219900000003,0.566991437,50103,0.6695942770000001,859.326,Besni
84774,416.2814499,264.0989928,0.7729851459999999,90393,0.6976709740000001,1209.5819999999999,Besni
78921,376.9878173,268.8326119,0.7010553159999999,82584,0.7199244690000001,1144.9589999999998,Besni
145235,609.6301806,306.60803569999996,0.864320723,148876,0.6824953009999999,1538.316,Besni
87039,497.0580562,236.2127732,0.8798660909999999,96247,0.6369810379999999,1271.343,Besni
181126,949.6626718,293.386698,0.9510822440000001,225592,0.414153748,2352.029,Besni
142419,580.4381967,318.180558,0.836364958,145899,0.754857688,1512.658,Besni
92619,398.6207288,296.8829335,0.6673151620000001,95666,0.7429967270000001,1173.39,Besni
68510,348.4009519,252.99300440000002,0.687531298,70513,0.670877399,1028.839,Besni
48551,302.8128348,205.9633801,0.733056942,50748,0.742824357,862.0010000000001,Besni
92472,424.4199935,282.21150530000006,0.746901655,95982,0.746163157,1204.61,Besni
100928,465.17991969999997,287.0157139,0.78696365,105549,0.6861929240000001,1310.51,Besni
96920,447.59510379999995,277.4359099,0.7847307570000001,100285,0.687258906,1229.91,Besni
96762,457.47748789999997,277.3867797,0.7952057109999999,101717,0.78868349,1248.75,Besni
151908,594.1828013999999,328.5680583,0.833198042,155600,0.721207805,1560.016,Besni
75368,387.85231569999996,250.58452180000003,0.76326774,77706,0.7350967540000001,1078.4089999999999,Besni
168269,614.3804322000001,353.4662998,0.8179273309999999,173527,0.756241377,1641.4560000000001,Besni
99333,422.87694000000005,302.2095731,0.6994808490000001,101942,0.720765368,1191.348,Besni
102722,416.89893739999997,317.5428031,0.647955574,107169,0.724419777,1261.988,Besni
104468,542.1781725,250.06307919999998,0.887286135,108119,0.646932785,1360.497,Besni
73699,408.5855548,231.14208419999997,0.824602335,76106,0.703181055,1079.578,Besni
71918,448.52772710000005,207.75123630000002,0.88626171,75002,0.6963737590000001,1091.499,Besni
127933,560.7226757,294.66255889999996,0.8507905240000001,130766,0.667778474,1426.6,Besni
73294,445.24612010000004,217.6202412,0.872416085,76157,0.654434087,1147.6,Besni
189069,679.4893072000001,357.0472563,0.8508157559999999,195810,0.612143209,1831.9089999999999,Besni
159064,570.2169046,368.2206845,0.763544285,165584,0.781964054,1563.83,Besni
120818,492.60653719999993,315.2013498,0.768487895,123230,0.672032484,1311.5220000000002,Besni
59890,402.4157189,194.6688358,0.875205907,61673,0.7197106259999999,1034.144,Besni
137593,558.0587508,316.71283819999996,0.8233554909999999,142114,0.6777646420000001,1478.596,Besni
166654,607.9964652000001,349.6589887,0.818082863,169060,0.753517688,1574.164,Besni
55858,298.8588591,239.8993992,0.596358734,58630,0.6814527440000001,915.13,Besni
105308,473.3133932,284.17062200000004,0.799710534,108094,0.787014132,1259.934,Besni
67468,424.563654,207.8230517,0.87200443,70674,0.611693881,1105.042,Besni
132680,549.8652777000001,308.392291,0.8279170029999999,136612,0.650653694,1453.895,Besni
154197,582.6121787000001,343.2602128,0.808005855,160008,0.762219476,1555.816,Besni
225043,740.0037432,390.30085760000003,0.849597917,229195,0.744187354,1853.8929999999998,Besni
66613,433.1941642,199.8147343,0.887265505,70454,0.7089506170000001,1085.157,Besni
141559,594.1144312000001,306.3100019,0.856845008,146674,0.764489545,1530.598,Besni
77622,460.1429023,226.58132200000003,0.870360472,82990,0.651213128,1205.141,Besni
179668,690.4334163,332.55325810000005,0.876358889,181954,0.7794030890000001,1681.985,Besni
105091,507.6851162,268.08734330000004,0.8492081159999999,108296,0.7002705370000001,1295.5910000000001,Besni
66938,356.3232835,248.674245,0.71620554,69880,0.708661084,1022.705,Besni
97494,451.7827664,278.2800079,0.787777611,101878,0.689695666,1254.755,Besni
101770,468.66790039999995,279.8129101,0.802212378,103475,0.785177527,1233.8239999999998,Besni
88338,504.48219670000003,227.1275085,0.8929181279999999,90790,0.727157486,1230.493,Besni
119336,563.5463265,275.3557685,0.872500913,125523,0.668155987,1469.764,Besni
126019,520.6800335,316.18987539999995,0.7945006509999999,130948,0.694510885,1422.2420000000002,Besni
154498,621.3515398,318.5977308,0.858538226,159694,0.750048547,1585.7820000000002,Besni
82632,471.3667164,227.39318250000002,0.8759441809999999,87501,0.633078974,1243.987,Besni
218459,571.2892031,492.2752785,0.507431838,228259,0.7319736509999999,1947.46,Besni
150420,607.7096735,316.8097244,0.853362761,153905,0.642408712,1557.266,Besni
110296,487.6911592,289.92482989999996,0.8041070770000001,113271,0.687099748,1316.112,Besni
171264,609.6431474,359.22457180000004,0.8079599190000001,174156,0.771737563,1592.095,Besni
110936,500.93134230000004,286.2523864,0.820643598,113888,0.7323958540000001,1319.435,Besni
54502,346.45797799999997,204.0812123,0.808096294,56464,0.6361111110000001,927.283,Besni
142415,532.0841297000001,342.4207326,0.765407249,144862,0.7706439390000001,1449.8029999999999,Besni
94282,494.16295999999994,244.8038886,0.868670102,97707,0.702386185,1269.68,Besni
68799,356.56780810000004,253.2546956,0.7039427079999999,71879,0.700929152,1041.27,Besni
79058,454.43721560000006,236.9642525,0.853284574,82555,0.578255972,1175.0339999999999,Besni
85646,469.7747551,238.53938440000002,0.861490344,92673,0.6810436,1226.892,Besni
107486,462.81313380000006,296.0912378,0.768571317,108914,0.7599674759999999,1235.078,Besni
149703,637.8730297999999,304.62253239999995,0.8785992340000001,154549,0.593805036,1596.356,Besni
187391,660.6555881,362.3150066,0.8362047459999999,189799,0.71394663,1682.4779999999998,Besni
115272,511.47203590000004,291.5913488,0.821573762,119773,0.62476017,1392.6529999999998,Besni
83248,430.07730769999995,247.83869449999997,0.817262582,85839,0.66879293,1129.072,Besni
87350,440.7356978,259.29314869999996,0.808628995,90899,0.636476246,1214.252,Besni
99657,431.70698089999996,298.8373229,0.7216840659999999,106264,0.741098519,1292.828,Besni
93523,476.3440938999999,254.1760536,0.84573851,97653,0.658798253,1258.548,Besni
85609,512.0817743,215.27197579999998,0.907345395,89197,0.632019963,1272.862,Besni
